{
  "dolar_anterior_excel": 650,
  "dolar_actual": 1410,
  "factor_dolar": 2.169230769,
  "iva_incluido": false,
  "base_formato": "A3+",
  "factor_xa3": 1.1,
  "modelo_recomendado": "C",
  "factores_xl": {
    "blanco_y_negro|liviano": 1.9407645534290272,
    "blanco_y_negro|pesado": 2.0535605483625288,
    "fullcolor|liviano": 1.9759680134680133,
    "fullcolor|pesado": 1.9394824259092633,
    "global": 1.9616560919797734,
    "fullcolor": 1.9621456813798899,
    "blanco_y_negro": 1.9407645534290272
  },
  "factores_a4": {
    "blanco_y_negro|liviano": 0.8624168806373034,
    "blanco_y_negro|pesado": 0.7682140273504572,
    "fullcolor|liviano": 0.5347157077340003,
    "fullcolor|pesado": 0.5449394763402651,
    "global": 0.5516795865633075,
    "fullcolor": 0.5400453857791225,
    "blanco_y_negro": 0.8112610507458037
  },
  "recargos_urgencia": {
    "normal": 0,
    "express": 0.15,
    "super_express": 0.3,
    "ya_24hs": 0.5
  },
  "redondeo": {
    "tipo": "comercial",
    "unidad": "configurable"
  },
  "fuente_objetivo": "C:\\Users\\baezl\\Desktop\\proyectos\\desgloceExcel\\excel_desfloce\\data\\bajadas_v2\\precios_pdf_objetivo_limpio.csv",
  "sin_ocr_pdf": true
}